{"cameraMode":{"drawMode":0,"name":"Shaded","section":"Shading Mode"},"sceneLighting":true,"audioPlay":false,"sceneViewState":{"m_AlwaysRefresh":false,"showFog":true,"showSkybox":true,"showFlares":true,"showImageEffects":true,"showParticleSystems":true,"showVisualEffectGraphs":true,"m_FxEnabled":true},"in2DMode":false,"pivot":{"x":-407.67755126953127,"y":-256.0067138671875,"z":175.69949340820313},"rotation":{"x":-0.21629315614700318,"y":0.5349252820014954,"z":-0.14391262829303742,"w":-0.8039650917053223},"size":266.41424560546877,"orthographic":false}